"","Group","Data"
"1","A",1034.91737460113
"2","A",651.240313927025
"3","A",386.631331792853
"4","A",1204.53964836848
"5","A",1033.26713617338
"6","A",935.132488725475
"7","A",870.971627544071
"8","A",649.708527413635
"9","A",728.254250000251
"10","A",754.236479516423
"11","A",278.965778341123
"12","A",334.126276689502
"13","A",603.398480490261
"14","A",801.540157155751
"15","A",825.132638755045
"16","A",539.386079174647
"17","A",351.166988332133
"18","A",339.499906079293
"19","A",1037.15711219404
"20","A",546.396574661712
"21","A",364.405179522002
"22","A",464.290496962827
"23","A",582.390358145284
"24","A",947.576923459683
"25","A",1078.72478072626
"26","A",875.157810566253
"27","A",683.553685689483
"28","A",500.945011257152
"29","A",1393.019122654
"30","A",656.726188826251
"31","A",545.704480273612
"32","A",487.082992211305
"33","A",635.508512728797
"34","A",800.820493584543
"35","A",1285.30966693682
"36","A",312.86197004561
"37","A",1375.27151899407
"38","A",624.410557528769
"39","A",791.611653731084
"40","A",630.953342076842
"41","A",662.144880165419
"42","A",215.79053386483
"43","A",1067.65631440864
"44","A",1782.15421825769
"45","A",292.765412967619
"46","A",670.315842033618
"47","A",484.228226448169
"48","A",281.771602093561
"49","A",414.697605804304
"50","A",710.424909120406
"51","A",569.673505660623
"52","A",873.340978019239
"53","A",554.719920535897
"54","A",647.737667966041
"55","A",407.115821348288
"56","A",415.398582146266
"57","A",779.037770725136
"58","A",973.075169649343
"59","A",823.607099563619
"60","A",717.873712124825
"61","A",502.320754656271
"62","A",297.125723220264
"63","A",662.431029874583
"64","A",831.167187472298
"65","A",232.313169590618
"66","A",966.996193123014
"67","A",1316.67243168691
"68","A",384.11522271462
"69","A",362.26694636733
"70","A",707.217573090344
"71","A",755.311051904416
"72","A",358.500978417966
"73","A",574.496062197701
"74","A",701.885335320644
"75","A",401.218090265507
"76","A",215.031978310497
"77","A",661.830269733962
"78","A",463.312551272477
"79","A",469.451648616423
"80","A",258.315718794224
"81","A",357.403413795463
"82","A",767.522371531901
"83","A",395.21437498261
"84","A",840.034462235354
"85","A",1335.87846332568
"86","A",345.675369449522
"87","A",788.669042080373
"88","A",510.752832612766
"89","A",622.139820403971
"90","A",295.222723328352
"91","A",1305.30746945595
"92","A",893.597544573699
"93","A",891.519005283004
"94","A",217.244141406175
"95","A",525.002566932564
"96","A",1820.16331968064
"97","A",755.634191174704
"98","A",951.627490397986
"99","A",476.994992476131
"100","A",891.850510004669
"101","A",872.13298402603
"102","A",350.505952202175
"103","A",424.080917484146
"104","A",586.869821031597
"105","A",494.100052998331
"106","A",450.998601495784
"107","A",414.566029299228
"108","A",933.032386577466
"109","A",404.105640826944
"110","A",177.797931429692
"111","A",992.821312383927
"112","A",769.122481431105
"113","A",461.213278858967
"114","A",445.109660278517
"115","A",776.429021746302
"116","A",911.327048573441
"117","A",276.621478937319
"118","A",730.827327471164
"119","A",572.279592849433
"120","A",417.809433605381
"121","A",434.918509028097
"122","A",1015.28805186485
"123","A",562.297566280881
"124","A",466.767804729277
"125","A",1018.12880589944
"126","A",316.622874418393
"127","A",373.151667971143
"128","A",356.163711120783
"129","A",786.911748070136
"130","A",336.288369099891
"131","A",672.664157482146
"132","A",413.585716742322
"133","A",1524.50071448147
"134","A",490.63993041941
"135","A",296.837609206021
"136","A",293.026804802174
"137","A",1903.47586662797
"138","A",1072.67842917613
"139","A",702.353861645982
"140","A",336.48485943624
"141","A",1064.99460552506
"142","A",379.169342930058
"143","A",464.545552986961
"144","A",1118.99156061062
"145","A",1593.76255426086
"146","A",806.865861788135
"147","A",505.775456446365
"148","A",1112.58365559655
"149","A",558.039453760423
"150","A",557.230400408534
"151","A",762.727715140728
"152","A",428.619378833733
"153","A",716.246476700182
"154","A",332.342974905104
"155","A",479.308669762385
"156","A",705.805663301819
"157","A",598.603753491225
"158","A",477.371134256154
"159","A",404.810351481773
"160","A",115.15612852564
"161","A",672.120287632226
"162","A",841.94735226344
"163","A",920.687753783215
"164","A",636.619673342751
"165","A",146.168140723421
"166","A",484.300542806792
"167","A",1552.75042199442
"168","A",230.076729757743
"169","A",885.413257478772
"170","A",275.159029607538
"171","A",1014.74597560366
"172","A",575.933477924239
"173","A",248.050327421002
"174","A",488.771669990626
"175","A",654.956184125543
"176","A",867.435146639854
"177","A",907.035313630999
"178","A",531.812591222849
"179","A",918.599790527849
"180","A",1408.01315267324
"181","A",107.258167303197
"182","A",529.36498397995
"183","A",1159.49189090792
"184","A",399.179291123
"185","A",872.603943831139
"186","A",314.931276574796
"187","A",819.752733172847
"188","A",254.038497115835
"189","A",902.612470645043
"190","A",867.71990760973
"191","A",986.13979611435
"192","A",277.074680164541
"193","A",632.389410434146
"194","A",435.159890833704
"195","A",449.069537513426
"196","A",500.652369980781
"197","A",923.830664295696
"198","A",556.346283819933
"199","A",522.321027912195
"200","A",703.727552820894
"201","A",856.527784371265
"202","A",898.370303284374
"203","A",456.041903593045
"204","A",704.723842076304
"205","A",911.848703059051
"206","A",195.311378879946
"207","A",398.266913383191
"208","A",854.943422197836
"209","A",958.386934757734
"210","A",421.568848220269
"211","A",601.203638148286
"212","A",1132.93304504714
"213","A",732.248609738136
"214","A",540.236421111631
"215","A",1621.28444817275
"216","A",143.748156262244
"217","A",631.000876349276
"218","A",409.884788877495
"219","A",699.360590554288
"220","A",234.757888603129
"221","A",751.8134943218
"222","A",732.011961726715
"223","A",790.605059848613
"224","A",362.625168893204
"225","A",270.357025253326
"226","A",377.992404398884
"227","A",426.540155479825
"228","A",369.274898575072
"229","A",378.000082188642
"230","A",1020.24911445609
"231","A",1190.68547572747
"232","A",456.100783292255
"233","A",227.634555601056
"234","A",345.546046114378
"235","A",886.900735473633
"236","A",812.365731508709
"237","A",597.158855935553
"238","A",160.950398536964
"239","A",877.791973282439
"240","A",441.89942253516
"241","A",266.559873966666
"242","A",789.520909461861
"243","A",104.514879487072
"244","A",446.910789504399
"245","A",480.163206378773
"246","A",593.830834384142
"247","A",623.987459865953
"248","A",256.867602028009
"249","A",697.257860729
"250","A",417.203635658389
"251","A",1165.05807092687
"252","A",594.789377242632
"253","A",700.455240697116
"254","A",451.161020577785
"255","A",1336.56530692534
"256","A",578.379425155574
"257","A",736.274105403153
"258","A",703.096439984812
"259","A",240.417982921035
"260","A",359.56854273963
"261","A",611.081911138815
"262","A",371.324000698241
"263","A",878.510068551016
"264","A",702.377481445801
"265","A",716.638475696939
"266","A",483.569856892218
"267","A",613.510574034144
"268","A",465.505477841811
"269","A",537.196944011279
"270","A",446.991947925903
"271","A",384.869445938532
"272","A",694.645477402635
"273","A",914.318954718071
"274","A",868.929222833353
"275","A",629.819226389931
"276","A",566.840701858535
"277","A",434.802925128806
"278","A",795.189919410482
"279","A",417.981459709502
"280","A",252.321695197592
"281","A",905.645392081863
"282","A",206.106336389773
"283","A",521.086890271993
"284","A",702.632458672316
"285","A",146.744026245582
"286","A",466.182983710389
"287","A",691.789048520641
"288","A",533.988644940488
"289","A",1160.69610501804
"290","A",475.645254655221
"291","A",713.44710474131
"292","A",642.933183906641
"293","A",329.801508577466
"294","A",699.464259063267
"295","A",516.906539998698
"296","A",426.931417546379
"297","A",384.771718097305
"298","A",696.952606806158
"299","A",403.911071082249
"300","A",541.543736237517
"301","A",636.035640008015
"302","A",888.208874757378
"303","A",1033.84754752837
"304","A",1018.06563367109
"305","A",275.27859396588
"306","A",797.250716514007
"307","A",928.048901870382
"308","A",473.351492486372
"309","A",414.866280043598
"310","A",1391.07867725622
"311","A",1136.86620680606
"312","A",1376.92668879262
"313","A",623.752437478994
"314","A",1079.56122139736
"315","A",397.667627392205
"316","A",1183.06359097609
"317","A",584.166246384483
"318","A",642.752490099938
"319","A",654.203058266584
"320","A",1021.3693017206
"321","A",342.385977431808
"322","A",534.489342525438
"323","A",334.705264687701
"324","A",712.594995459033
"325","A",271.723837368986
"326","A",375.30104933824
"327","A",1198.65052250534
"328","A",426.296213046457
"329","A",907.106358601883
"330","A",529.630157124727
"331","A",768.86436063756
"332","A",363.174414151203
"333","A",284.605730552188
"334","A",345.346648527393
"335","A",79.2748860105739
"336","A",496.092635255839
"337","A",346.636433217149
"338","A",885.167754424834
"339","A",338.06150967441
"340","A",648.712912210491
"341","A",919.647763585323
"342","A",696.923221609817
"343","A",766.148105180266
"344","A",477.123347970547
"345","A",573.677743466547
"346","A",922.476344842263
"347","A",595.527706425185
"348","A",802.77222049807
"349","A",358.205198060532
"350","A",1448.17069549487
"351","A",1047.57429998388
"352","A",432.328186011701
"353","A",482.952708124802
"354","A",414.905141477671
"355","A",509.072886318833
"356","A",744.072922317774
"357","A",948.402339831018
"358","A",1039.4633313058
"359","A",606.573335225252
"360","A",339.631829699786
"361","A",668.75164569598
"362","A",263.502297500433
"363","A",619.007570926332
"364","A",568.879508902684
"365","A",1312.8297483779
"366","A",464.77654934958
"367","A",335.802179303679
"368","A",425.092309190893
"369","A",636.919983828417
"370","A",754.164764610391
"371","A",1264.88115470214
"372","A",573.976020769925
"373","A",898.620578099769
"374","A",736.784082621728
"375","A",833.955890544136
"376","A",421.324665112478
"377","A",1021.42857536059
"378","A",452.502698093519
"379","A",1463.82029832322
"380","A",494.747435892057
"381","A",599.631010595186
"382","A",940.721901944138
"383","A",604.113957492622
"384","A",476.154067033402
"385","A",1089.3134021937
"386","A",636.706376190107
"387","A",1192.69471620495
"388","A",842.543795608343
"389","A",617.267675910381
"390","A",940.910629210134
"391","A",657.79406828412
"392","A",305.04032735125
"393","A",661.803764739051
"394","A",595.214811313289
"395","A",981.905055489294
"396","A",257.703280778294
"397","A",307.194114604964
"398","A",168.24267531125
"399","A",339.715863077814
"400","A",819.151307685823
"401","A",380.070830634525
"402","A",953.005463170133
"403","A",1621.30162103722
"404","A",367.447450837857
"405","A",41.6695409063815
"406","A",1774.67538706854
"407","A",699.296543247782
"408","A",65.3728518386861
"409","A",1054.27308101729
"410","A",556.304526754174
"411","A",696.941536645206
"412","A",895.184281102925
"413","A",322.405309537183
"414","A",1065.0975421152
"415","A",596.106660099994
"416","A",664.867382354787
"417","A",519.016578273266
"418","A",893.147885296679
"419","A",625.170529372522
"420","A",539.370114956594
"421","A",567.610125723917
"422","A",1176.40401651317
"423","A",761.119597457135
"424","A",827.322686041898
"425","A",469.622398165767
"426","A",438.518082791984
"427","A",611.156697312871
"428","A",411.532828423648
"429","A",917.671719798954
"430","A",1379.40601596258
"431","A",1138.51822916782
"432","A",610.563086744554
"433","A",821.048967765917
"434","A",462.816449391338
"435","A",1148.78780736698
"436","A",805.841712605464
"437","A",667.7065692656
"438","A",666.447242425745
"439","A",611.450642636014
"440","A",1009.60713611716
"441","A",1047.26484024168
"442","A",1153.46768685485
"443","A",970.29531347623
"444","A",432.152318150786
"445","A",831.862480900687
"446","A",570.777257368723
"447","A",1007.10227358413
"448","A",450.22005622259
"449","A",221.038869702515
"450","A",672.052088043455
"451","A",131.304879450148
"452","A",1157.78921044489
"453","A",208.400493494021
"454","A",569.168483153621
"455","A",988.072537023988
"456","A",747.640244837696
"457","A",116.173077423668
"458","A",721.767679120392
"459","A",650.62937809971
"460","A",1226.15405678446
"461","A",751.600412329218
"462","A",185.708636795606
"463","A",581.797590703297
"464","A",929.686801430807
"465","A",719.464289610968
"466","A",728.026543585083
"467","A",438.02156849884
"468","A",1213.30997777277
"469","A",576.410118099078
"470","A",607.210670281423
"471","A",433.149732244732
"472","A",221.101440320989
"473","A",459.507445212983
"474","A",531.901816942354
"475","A",618.572584619217
"476","A",614.354085458933
"477","A",1059.37083910725
"478","A",1131.54716366808
"479","A",789.548764497994
"480","A",302.872927665081
"481","A",308.802267189467
"482","A",1331.27912071706
"483","A",471.482435873944
"484","A",791.20873868901
"485","A",580.28758053334
"486","A",265.350408271586
"487","A",388.777847901566
"488","A",704.561129757585
"489","A",554.714961510865
"490","A",428.311155849841
"491","A",752.691858706874
"492","A",800.468039930587
"493","A",1210.02096467191
"494","A",316.446598205268
"495","A",390.911504410687
"496","A",826.268569425004
"497","A",280.526246124
"498","A",1029.20340933657
"499","A",649.36638830059
"500","A",239.836736749597
"501","A",376.894896003477
"502","A",997.810500936673
"503","A",801.069762391814
"504","A",775.532507859319
"505","A",534.181602386048
"506","A",591.375914350294
"507","A",970.946698444734
"508","A",1253.53348853962
"509","A",655.234765629464
"510","A",629.655107080548
"511","A",1403.69821047559
"512","A",873.164065524193
"513","A",400.442543744651
"514","A",758.677993098978
"515","A",674.770562775977
"516","A",1039.80574511589
"517","A",490.68194114504
"518","A",819.268770837257
"519","A",283.789576466789
"520","A",267.413877319814
"521","A",342.130397615903
"522","A",740.284904288978
"523","A",803.17325736752
"524","A",1279.45747732958
"525","A",586.317108892589
"526","A",741.883897195437
"527","A",612.84720864547
"528","A",603.521483481539
"529","A",842.188578387311
"530","A",623.476110835026
"531","A",910.15400899364
"532","A",301.41274290814
"533","A",978.703078811189
"534","A",804.129386516139
"535","A",556.369329451292
"536","A",612.643512383492
"537","A",400.318109200736
"538","A",371.685308455618
"539","A",144.691948019411
"540","A",494.013329920264
"541","A",449.163934439396
"542","A",812.637028422923
"543","A",725.630106332472
"544","A",621.423931878413
"545","A",436.958555569818
"546","A",308.517000125405
"547","A",850.03635853096
"548","A",499.897618242422
"549","A",939.894215117889
"550","A",807.26132697058
"551","A",891.399654798679
"552","A",1004.33309345428
"553","A",377.781122940941
"554","A",781.777585967329
"555","A",494.492812008442
"556","A",487.54590462477
"557","A",725.590662584284
"558","A",933.364763421589
"559","A",366.925101675342
"560","A",838.097910876428
"561","A",1215.0171781296
"562","A",629.586353091743
"563","A",1104.08758889554
"564","A",332.043242663229
"565","A",392.255020910845
"566","A",1080.14088597706
"567","A",292.899658019844
"568","A",724.352374238078
"569","A",367.698791313818
"570","A",430.118543004505
"571","A",1466.12848950714
"572","A",856.293834405876
"573","A",894.731744294488
"574","A",371.21139194866
"575","A",585.020242838799
"576","A",441.984238562678
"577","A",725.18404701533
"578","A",1563.6477178344
"579","A",484.556175997906
"580","A",720.018725783077
"581","A",644.102943495138
"582","A",1259.86948619327
"583","A",742.251038265484
"584","A",649.062211688192
"585","A",1033.45924028462
"586","A",433.770632265752
"587","A",744.509035188044
"588","A",221.46121031382
"589","A",636.929540201145
"590","A",384.334672300367
"591","A",581.106223618303
"592","A",595.045517753152
"593","A",168.094000915875
"594","A",480.869169564345
"595","A",807.698916807513
"596","A",593.725145609283
"597","A",707.016872194833
"598","A",557.448689766236
"599","A",600.560622249263
"600","A",647.683919669106
"601","A",678.47720510491
"602","A",499.981435036456
"603","A",641.263702321823
"604","A",692.614248720565
"605","A",797.180962321317
"606","A",904.587534536591
"607","A",397.560313730729
"608","A",755.154869614865
"609","A",622.466716982503
"610","A",948.899953741355
"611","A",888.49353822246
"612","A",582.98245521797
"613","A",666.266389089964
"614","A",616.702753807628
"615","A",678.552603160317
"616","A",343.992382739689
"617","A",393.521781687411
"618","A",867.706231225165
"619","A",587.811594836046
"620","A",887.782213487903
"621","A",782.344270949768
"622","A",325.946465920722
"623","A",539.440890735388
"624","A",471.876097099839
"625","A",592.82780795696
"626","A",1310.2249731751
"627","A",612.658491978734
"628","A",566.247921995984
"629","A",725.925658390859
"630","A",581.275279346628
"631","A",256.559376236568
"632","A",891.622926489809
"633","A",747.858918699642
"634","A",515.759543024996
"635","A",536.292374777672
"636","A",1094.16127011627
"637","A",758.800756188874
"638","A",292.560808766052
"639","A",1004.83064642136
"640","A",264.676108037894
"641","A",356.100283842126
"642","A",821.131244923348
"643","A",785.770285792504
"644","A",1285.52360051865
"645","A",856.317218592269
"646","A",610.776227037464
"647","A",768.968210527779
"648","A",448.581226807825
"649","A",997.809901446864
"650","A",698.449403606594
"651","A",567.934985948994
"652","A",344.862355621986
"653","A",883.123859869475
"654","A",881.840771536857
"655","A",410.628534862859
"656","A",956.904217842069
"657","A",364.864880347404
"658","A",614.319233303378
"659","A",360.616737604501
"660","A",755.237123221056
"661","A",509.854959474573
"662","A",807.383192918233
"663","A",217.373747867688
"664","A",902.737012776885
"665","A",136.543716917712
"666","A",926.555895610513
"667","A",433.00596769945
"668","A",255.280425783559
"669","A",575.66760893375
"670","A",693.774753075053
"671","A",740.123782114797
"672","A",429.851748682328
"673","A",354.157445383413
"674","A",675.566582469935
"675","A",767.271657100784
"676","A",684.807876261896
"677","A",1012.66048805456
"678","A",842.929756364872
"679","A",335.372226264992
"680","A",308.073545817551
"681","A",718.576558879709
"682","A",863.395747335278
"683","A",516.108482668817
"684","A",363.323927287804
"685","A",413.177923477004
"686","A",1064.01039331385
"687","A",684.861207130703
"688","A",722.187218741671
"689","A",633.891649347383
"690","A",790.710202546417
"691","A",679.524004149049
"692","A",284.376809984194
"693","A",198.506957323479
"694","A",598.464553512332
"695","A",939.630615735863
"696","A",627.824136974779
"697","A",471.316860237921
"698","A",494.898697812839
"699","A",258.510730859091
"700","A",692.052458131983
"701","A",288.047457149189
"702","A",427.892794645032
"703","A",627.305730756794
"704","A",631.382016267569
"705","A",884.941003325127
"706","A",674.648852842343
"707","A",908.203012165158
"708","A",233.719686490961
"709","A",684.452900508064
"710","A",659.721407476625
"711","A",1055.83277103477
"712","A",245.832616864845
"713","A",981.549098618352
"714","A",674.762359644805
"715","A",823.826965309697
"716","A",456.166243047277
"717","A",792.749259433247
"718","A",594.591685108488
"719","A",569.689036373302
"720","A",378.462604435431
"721","A",1104.28440641378
"722","A",1014.27294612594
"723","A",570.702582718239
"724","A",287.327544591569
"725","A",1087.67496769429
"726","A",365.333154606053
"727","A",1037.26348614322
"728","A",1191.55722865929
"729","A",522.388780608263
"730","A",662.520072837937
"731","A",780.333090652417
"732","A",559.555064499075
"733","A",942.868121307862
"734","A",514.478102140993
"735","A",678.086745829822
"736","A",635.655025735156
"737","A",557.678204544684
"738","A",1343.13042346523
"739","A",227.935104924809
"740","A",351.345814939866
"741","A",130.26661120185
"742","A",822.067644808069
"743","A",1010.03172835331
"744","A",269.912684072149
"745","A",768.26526921512
"746","A",592.262379008661
"747","A",628.381301900227
"748","A",977.396462538528
"749","A",1410.59172774293
"750","A",610.43620913231
"751","A",387.734815180273
"752","A",1139.91326531326
"753","A",488.08945346123
"754","A",903.060866943135
"755","A",640.706715508183
"756","A",439.465169559969
"757","A",597.491117341808
"758","A",1421.20088758202
"759","A",898.324820159951
"760","A",464.255398441221
"761","A",460.323781287277
"762","A",720.147743303673
"763","A",333.890439086068
"764","A",506.502158401746
"765","A",673.33846792122
"766","A",1106.43784182802
"767","A",727.411411480041
"768","A",484.477703888887
"769","A",1028.62586902216
"770","A",789.78904793238
"771","A",598.980227147514
"772","A",767.076863705871
"773","A",620.422473288962
"774","A",624.529022926888
"775","A",691.183426610084
"776","A",921.200320806914
"777","A",711.365830950949
"778","A",577.859020997601
"779","A",954.369444075
"780","A",1604.49689672222
"781","A",650.533005605248
"782","A",400.837377327771
"783","A",1020.41720921098
"784","A",202.762003845351
"785","A",1164.95636906769
"786","A",376.317244413146
"787","A",364.782842162738
"788","A",1008.57775008994
"789","A",748.663672948489
"790","A",505.332580130306
"791","A",305.024572836331
"792","A",259.463132120015
"793","A",1329.11095885604
"794","A",795.113060300178
"795","A",717.728337949164
"796","A",1297.59470007626
"797","A",913.074032469277
"798","A",312.076641373914
"799","A",509.828509573925
"800","A",1083.1889654538
"801","A",598.288916526153
"802","A",885.772092105486
"803","A",361.372768642925
"804","A",898.346344164371
"805","A",969.330359681745
"806","A",600.631730497758
"807","A",1074.87827300714
"808","A",601.806610966999
"809","A",520.224985017601
"810","A",1263.26498998944
"811","A",863.178508742678
"812","A",192.310398737936
"813","A",237.818652784889
"814","A",618.051296901463
"815","A",1058.1768961172
"816","A",1317.64084203654
"817","A",955.945064259269
"818","A",181.197507636242
"819","A",228.814335616572
"820","A",386.864922282482
"821","A",770.072232224863
"822","A",1035.33979681753
"823","A",152.763942976677
"824","A",601.981045849763
"825","A",964.438594264231
"826","A",732.617699235443
"827","A",300.873997506271
"828","A",972.484993648215
"829","A",378.207825655951
"830","A",952.370651120884
"831","A",459.562681906793
"832","A",624.949362357483
"833","A",666.735684690388
"834","A",157.67581161173
"835","A",607.783977645731
"836","A",631.786834795216
"837","A",833.509672660919
"838","A",518.485638029381
"839","A",306.673670765484
"840","A",772.653417034048
"841","A",276.914409169529
"842","A",701.200413322713
"843","A",1123.11466650994
"844","A",641.655195759805
"845","A",679.968639042294
"846","A",614.143040037153
"847","A",377.365899804604
"848","A",580.833959196915
"849","A",1098.39058718911
"850","A",405.776480948534
"851","A",485.245909784324
"852","A",727.518554896378
"853","A",246.993089553717
"854","A",394.161467377095
"855","A",993.784363578612
"856","A",921.488078886753
"857","A",443.983157995241
"858","A",796.624434817888
"859","A",293.163401560156
"860","A",707.738419888551
"861","A",416.495398626048
"862","A",248.685120683681
"863","A",406.121271146628
"864","A",586.341798473663
"865","A",776.177340580373
"866","A",352.968905870716
"867","A",383.5809313952
"868","A",510.457948461868
"869","A",662.384110538129
"870","A",838.8124066272
"871","A",614.786318893794
"872","A",228.343162220082
"873","A",329.095189614654
"874","A",672.200926946949
"875","A",478.367046529009
"876","A",507.928331903858
"877","A",1033.07492657907
"878","A",354.47486044037
"879","A",204.050036965659
"880","A",1179.84640469158
"881","A",635.829549706492
"882","A",373.013995923438
"883","A",692.732173972238
"884","A",380.514320646251
"885","A",756.391257646047
"886","A",937.024353441155
"887","A",503.096920509276
"888","A",1570.20425749349
"889","A",705.286989851287
"890","A",1354.87697355259
"891","A",272.025629537727
"892","A",910.390311148446
"893","A",656.366247721214
"894","A",827.414603581191
"895","A",1164.07445756054
"896","A",884.742219165536
"897","A",471.533443723686
"898","A",764.430979887263
"899","A",948.029036929566
"900","A",397.747471743459
"901","A",759.599773352399
"902","A",707.216059890563
"903","A",578.256358811348
"904","A",244.257412280965
"905","A",367.214796177569
"906","A",482.763680029853
"907","A",1435.75439839212
"908","A",136.305818844802
"909","A",259.506851394348
"910","A",217.569838011692
"911","A",430.972020978754
"912","A",531.565882459238
"913","A",177.187434903021
"914","A",519.814268384856
"915","A",526.404208114009
"916","A",383.806802425341
"917","A",848.078543308743
"918","A",714.862211143414
"919","A",310.125580556037
"920","A",552.906763787624
"921","A",501.863367420177
"922","A",172.94563986523
"923","A",423.991113699584
"924","A",926.095821910184
"925","A",528.142677257306
"926","A",417.400381857853
"927","A",565.351126537015
"928","A",341.777325862478
"929","A",690.658687383341
"930","A",1098.09750331306
"931","A",666.793015557632
"932","A",356.190902208536
"933","A",921.133360671203
"934","A",372.014237736841
"935","A",1026.39809846464
"936","A",1321.87263289327
"937","A",425.188753375111
"938","A",653.278163166835
"939","A",998.368087968654
"940","A",1188.07437566613
"941","A",1083.95266661034
"942","A",958.998473077017
"943","A",269.594061000938
"944","A",749.06294303146
"945","A",258.195833241423
"946","A",955.721431646409
"947","A",829.449083560116
"948","A",618.338856922951
"949","A",584.488935438114
"950","A",662.36706406462
"951","A",449.288644997393
"952","A",1066.87848327636
"953","A",435.959697126982
"954","A",1010.3445767997
"955","A",1227.11880701102
"956","A",336.123693168556
"957","A",707.794439042362
"958","A",927.117466892085
"959","A",976.557445234129
"960","A",298.198504864108
"961","A",311.865026605777
"962","A",650.506934291713
"963","A",316.573943638582
"964","A",470.921850207254
"965","A",297.885574068339
"966","A",227.458722841145
"967","A",1286.37271493546
"968","A",1065.77903267035
"969","A",1196.98156371045
"970","A",976.853404267644
"971","A",576.815306806957
"972","A",405.086760689004
"973","A",1278.71366288632
"974","A",540.124444129096
"975","A",681.647813319008
"976","A",286.185416392105
"977","A",798.362561115906
"978","A",1156.50546094333
"979","A",652.395625846329
"980","A",526.185038384945
"981","A",954.236811042488
"982","A",637.517052822605
"983","A",1009.07998262166
"984","A",832.947530644658
"985","A",582.067358212612
"986","A",642.33091034388
"987","A",367.810034772016
"988","A",847.519446919331
"989","A",628.634806239188
"990","A",624.064662729687
"991","A",854.82536247816
"992","A",165.176650441358
"993","A",933.983546160549
"994","A",548.887868210423
"995","A",325.279824579651
"996","A",526.053169520975
"997","A",194.659515466504
"998","A",509.046863943067
"999","A",728.913369722946
"1000","A",605.831303213229
"1001","B",388.933743838227
"1002","B",1101.16302309305
"1003","B",660.375542167744
"1004","B",549.101344443683
"1005","B",359.410063009616
"1006","B",512.944725468007
"1007","B",207.221734644699
"1008","B",793.111242760159
"1009","B",52.2023179509542
"1010","B",594.909192510137
"1011","B",664.64669325547
"1012","B",825.930131618155
"1013","B",971.381405090155
"1014","B",1297.52129649701
"1015","B",670.526108408454
"1016","B",729.97368129663
"1017","B",961.317148804061
"1018","B",644.647251752768
"1019","B",732.430153403523
"1020","B",529.917504252384
"1021","B",621.237897229069
"1022","B",960.865749461599
"1023","B",759.746953372625
"1024","B",489.799227228749
"1025","B",511.3003518905
"1026","B",886.185724164165
"1027","B",256.683338976228
"1028","B",678.5682422156
"1029","B",644.464050448797
"1030","B",790.522054305115
"1031","B",827.529633778653
"1032","B",717.076391386848
"1033","B",613.005518006474
"1034","B",760.484863560262
"1035","B",839.157271424128
"1036","B",785.603207769344
"1037","B",432.637021012566
"1038","B",544.026555449596
"1039","B",321.517068665995
"1040","B",252.526520219317
"1041","B",658.691087759489
"1042","B",799.766359414299
"1043","B",251.519161063378
"1044","B",922.770510426752
"1045","B",596.842804466909
"1046","B",730.108762971224
"1047","B",783.362510166786
"1048","B",868.467261997515
"1049","B",425.514643480815
"1050","B",591.537175588496
"1051","B",517.927519438558
"1052","B",599.238512042575
"1053","B",375.202379729431
"1054","B",641.290591594774
"1055","B",753.426758582998
"1056","B",434.754254478483
"1057","B",854.992918265666
"1058","B",849.201318209168
"1059","B",629.343833916459
"1060","B",761.278244387951
"1061","B",680.99418515126
"1062","B",766.785687902744
"1063","B",605.391348854416
"1064","B",398.549618011721
"1065","B",468.97347112326
"1066","B",925.451109237702
"1067","B",622.329812123545
"1068","B",941.828101710383
"1069","B",930.398943536614
"1070","B",724.659684095769
"1071","B",731.713905724034
"1072","B",521.132252675934
"1073","B",530.637784797656
"1074","B",747.975159362518
"1075","B",606.702381689408
"1076","B",967.228484715255
"1077","B",764.242321295183
"1078","B",470.222670443801
"1079","B",654.51766581493
"1080","B",464.12994648676
"1081","B",810.135648073283
"1082","B",725.536951009539
"1083","B",181.230729299394
"1084","B",587.5757991075
"1085","B",1078.6944680763
"1086","B",566.608201158449
"1087","B",1006.44140424773
"1088","B",421.118806210929
"1089","B",726.584479756169
"1090","B",667.628647075064
"1091","B",731.258276919216
"1092","B",619.771148935966
"1093","B",288.180271295469
"1094","B",907.83311853746
"1095","B",756.978344658356
"1096","B",986.568526471801
"1097","B",961.908093120789
"1098","B",963.950272746904
"1099","B",556.697926265572
"1100","B",646.46475352521
"1101","B",567.447897674305
"1102","B",905.297735562591
"1103","B",596.466638964415
"1104","B",340.042815662301
"1105","B",925.290737469025
"1106","B",689.468700067276
"1107","B",394.31986107305
"1108","B",572.364648540742
"1109","B",854.716848912286
"1110","B",917.785293289873
"1111","B",729.659453662465
"1112","B",637.576997335651
"1113","B",966.546455144696
"1114","B",899.876987710089
"1115","B",535.90154531229
"1116","B",538.201661157848
"1117","B",936.444498109721
"1118","B",868.492788937364
"1119","B",686.955559794209
"1120","B",614.66702575747
"1121","B",723.837096523716
"1122","B",648.923632149986
"1123","B",837.498392024827
"1124","B",672.360783066011
"1125","B",915.172170342957
"1126","B",957.798641701452
"1127","B",579.34104326938
"1128","B",527.71203231201
"1129","B",727.24592181306
"1130","B",709.064799958094
"1131","B",841.207447660743
"1132","B",933.026198208952
"1133","B",566.433793952878
"1134","B",814.912708865123
"1135","B",530.338891746371
"1136","B",1079.49913013063
"1137","B",579.365628418196
"1138","B",296.269672741685
"1139","B",563.01340402898
"1140","B",785.896219916777
"1141","B",454.627443406502
"1142","B",477.315965376703
"1143","B",459.738004221998
"1144","B",556.057972259446
"1145","B",590.958740631545
"1146","B",716.315244801933
"1147","B",645.052486719155
"1148","B",634.245314422225
"1149","B",702.596403422232
"1150","B",908.65680638742
"1151","B",377.743544778816
"1152","B",846.334394547371
"1153","B",692.606372572603
"1154","B",833.219608108431
"1155","B",798.074521355864
"1156","B",373.27762322962
"1157","B",728.292521535414
"1158","B",414.092363061427
"1159","B",605.279360732777
"1160","B",674.065453476939
"1161","B",668.468611719942
"1162","B",712.117542875804
"1163","B",715.729747326513
"1164","B",838.341922111229
"1165","B",789.51462281229
"1166","B",841.731505720619
"1167","B",314.567898640973
"1168","B",685.1410549717
"1169","B",499.079330306334
"1170","B",406.17420098779
"1171","B",418.528044805414
"1172","B",869.30100559225
"1173","B",652.402902393699
"1174","B",623.699452874974
"1175","B",930.244499557419
"1176","B",806.886883761701
"1177","B",457.494778418856
"1178","B",918.74499427349
"1179","B",876.418832434969
"1180","B",891.433116708728
"1181","B",928.153768098405
"1182","B",1089.30717987352
"1183","B",1017.83652318232
"1184","B",711.932462283425
"1185","B",491.575039655552
"1186","B",693.587283022508
"1187","B",394.97218553026
"1188","B",600.297733862422
"1189","B",735.859379887705
"1190","B",560.219917761004
"1191","B",1029.45507892566
"1192","B",1084.55344289141
"1193","B",840.092705107847
"1194","B",717.247472516293
"1195","B",856.65344051951
"1196","B",472.188364400447
"1197","B",858.298766644763
"1198","B",752.088680048544
"1199","B",960.456831215575
"1200","B",615.955305825343
"1201","B",411.84572385328
"1202","B",604.483846307403
"1203","B",1166.31338948409
"1204","B",829.993460049929
"1205","B",683.275422210355
"1206","B",629.802183803558
"1207","B",650.091468715031
"1208","B",634.972263091382
"1209","B",544.082042398252
"1210","B",788.080860876414
"1211","B",233.847391419085
"1212","B",701.835680645565
"1213","B",668.47582941161
"1214","B",729.022803118561
"1215","B",875.277913970271
"1216","B",519.298343007455
"1217","B",296.31252272337
"1218","B",704.561783474101
"1219","B",631.509234434812
"1220","B",405.088464710611
"1221","B",630.380795139988
"1222","B",527.070074928059
"1223","B",635.096834785948
"1224","B",389.176272377861
"1225","B",862.483123486634
"1226","B",538.014284388696
"1227","B",1113.36236207051
"1228","B",765.974489962766
"1229","B",712.416286395055
"1230","B",845.671588624038
"1231","B",650.336661104496
"1232","B",637.699192833673
"1233","B",865.841507461072
"1234","B",649.595026564866
"1235","B",922.88627385727
"1236","B",667.730291055942
"1237","B",526.068572033116
"1238","B",661.350064041366
"1239","B",651.622437398713
"1240","B",474.025791244371
"1241","B",495.506950631364
"1242","B",441.706681733269
"1243","B",1208.13084133408
"1244","B",905.015489671271
"1245","B",576.721072728069
"1246","B",43.1805294581275
"1247","B",641.02550039266
"1248","B",673.309318258853
"1249","B",688.310619611835
"1250","B",946.662768644001
"1251","B",650.531021002403
"1252","B",779.647864537533
"1253","B",593.824391691275
"1254","B",816.959025481755
"1255","B",752.027404441751
"1256","B",642.350733266157
"1257","B",676.063412604251
"1258","B",523.273813619489
"1259","B",648.923609650005
"1260","B",868.710517777747
"1261","B",668.96665835344
"1262","B",1002.51993437887
"1263","B",679.619465328858
"1264","B",757.567685532027
"1265","B",751.474594279606
"1266","B",534.314193205336
"1267","B",779.474659866043
"1268","B",377.343050187152
"1269","B",740.346845567025
"1270","B",1054.74976472904
"1271","B",830.775289994423
"1272","B",844.990205936128
"1273","B",-130.526626106637
"1274","B",430.25915982304
"1275","B",500.063044028502
"1276","B",540.863353661424
"1277","B",525.614064531135
"1278","B",556.597256841122
"1279","B",506.48541260119
"1280","B",909.537838675536
"1281","B",410.573964965956
"1282","B",701.183257669279
"1283","B",463.194565947816
"1284","B",488.07200397196
"1285","B",750.767529321055
"1286","B",789.88757759829
"1287","B",883.579638405565
"1288","B",838.056864370544
"1289","B",646.736646215922
"1290","B",560.237382299293
"1291","B",576.510369796347
"1292","B",487.063379278367
"1293","B",701.350320236457
"1294","B",706.073911918971
"1295","B",1036.54105230539
"1296","B",394.198571129318
"1297","B",451.003900859852
"1298","B",1000.90902498032
"1299","B",1080.41382967952
"1300","B",915.643842151237
"1301","B",673.780926134882
"1302","B",997.654795945356
"1303","B",820.328277344197
"1304","B",578.860487238388
"1305","B",1328.90474073924
"1306","B",737.300042951454
"1307","B",595.36255516751
"1308","B",537.628250734719
"1309","B",515.190863242488
"1310","B",800.685712570707
"1311","B",804.552006994765
"1312","B",1061.59855955714
"1313","B",872.304029692181
"1314","B",791.160554595267
"1315","B",1191.0342362636
"1316","B",752.081609526177
"1317","B",630.296609753636
"1318","B",595.389156137925
"1319","B",799.158250172768
"1320","B",940.5815339739
"1321","B",749.281922359599
"1322","B",830.528924715764
"1323","B",1023.52449054414
"1324","B",563.472426885302
"1325","B",809.16602693612
"1326","B",864.470480746766
"1327","B",743.901787512536
"1328","B",294.632955639221
"1329","B",479.849633319576
"1330","B",438.96172072386
"1331","B",538.038745608668
"1332","B",314.818074812882
"1333","B",855.866277347014
"1334","B",1114.95846930919
"1335","B",1026.18619573495
"1336","B",727.895646910174
"1337","B",798.028983204499
"1338","B",522.368193247307
"1339","B",483.288109081436
"1340","B",1386.85058146142
"1341","B",658.830154808651
"1342","B",714.989793583404
"1343","B",1087.36504154676
"1344","B",489.218848560815
"1345","B",849.481087890492
"1346","B",775.918645012427
"1347","B",620.091598038244
"1348","B",970.119111206494
"1349","B",343.744981270137
"1350","B",652.459491624568
"1351","B",448.295201357227
"1352","B",508.348191707292
"1353","B",794.57898893943
"1354","B",327.166697044014
"1355","B",881.69386267674
"1356","B",583.960686525241
"1357","B",556.359621535516
"1358","B",440.723448579863
"1359","B",898.517521199374
"1360","B",720.66744813552
"1361","B",976.228181708704
"1362","B",694.66317744974
"1363","B",843.80995619055
"1364","B",698.132642675528
"1365","B",344.056260028212
"1366","B",655.866809313503
"1367","B",741.594245534001
"1368","B",774.455425540027
"1369","B",988.028005475067
"1370","B",866.534308792414
"1371","B",762.494958703314
"1372","B",700.951171630017
"1373","B",813.725478571925
"1374","B",911.306329690806
"1375","B",506.336346262826
"1376","B",792.099739718384
"1377","B",866.210920856611
"1378","B",856.229757589162
"1379","B",549.856178510159
"1380","B",724.592847838154
"1381","B",856.056997831087
"1382","B",1025.74788200392
"1383","B",711.844175417568
"1384","B",838.144946011144
"1385","B",475.490377956973
"1386","B",548.072257234827
"1387","B",422.365820910389
"1388","B",464.589776222978
"1389","B",699.531236881161
"1390","B",929.588932343508
"1391","B",648.138710962992
"1392","B",815.833647519944
"1393","B",718.519009865928
"1394","B",956.074095842749
"1395","B",857.134427514139
"1396","B",941.225327179367
"1397","B",849.91090225692
"1398","B",878.555068862866
"1399","B",871.743647652399
"1400","B",788.158437454669
"1401","B",632.1435656369
"1402","B",530.15485526767
"1403","B",984.652007906181
"1404","B",947.276957354922
"1405","B",900.488940188365
"1406","B",789.268863624619
"1407","B",979.937416166733
"1408","B",919.11939458311
"1409","B",912.686102233862
"1410","B",396.020221851707
"1411","B",811.464063811686
"1412","B",649.529396483914
"1413","B",1188.16074975164
"1414","B",881.893392015372
"1415","B",805.31075157644
"1416","B",724.684371660948
"1417","B",873.314426821202
"1418","B",726.679962129681
"1419","B",850.387671137058
"1420","B",711.960507929829
"1421","B",1070.84299575035
"1422","B",615.522190000015
"1423","B",721.800986913206
"1424","B",398.971298240582
"1425","B",966.090188903233
"1426","B",590.379816149005
"1427","B",657.178639153594
"1428","B",957.422589720259
"1429","B",1160.75385759735
"1430","B",896.647089868755
"1431","B",626.708135247876
"1432","B",707.050633370292
"1433","B",968.875632116819
"1434","B",915.469787389107
"1435","B",887.838459282237
"1436","B",1237.39397271406
"1437","B",815.830265842269
"1438","B",595.629472339215
"1439","B",957.102610316708
"1440","B",375.806182405844
"1441","B",729.803539957214
"1442","B",819.362549507259
"1443","B",761.075083436885
"1444","B",906.359638442306
"1445","B",748.90373793357
"1446","B",970.132230942657
"1447","B",1025.74002369075
"1448","B",750.474998510282
"1449","B",808.964566322005
"1450","B",520.851735000743
"1451","B",1094.09966668396
"1452","B",746.195152102719
"1453","B",592.659786482558
"1454","B",567.492366773952
"1455","B",655.222145446321
"1456","B",667.869631396837
"1457","B",614.309897065766
"1458","B",719.153919370926
"1459","B",1053.2792137867
"1460","B",855.078926538483
"1461","B",648.303788090691
"1462","B",842.069777944062
"1463","B",638.738138241821
"1464","B",553.873086844827
"1465","B",770.697528303332
"1466","B",856.754012144142
"1467","B",1038.82381728116
"1468","B",608.183573532286
"1469","B",629.528362744377
"1470","B",623.615087027305
"1471","B",776.546507770619
"1472","B",550.14273898614
"1473","B",888.784841834029
"1474","B",893.507037630862
"1475","B",475.449194005625
"1476","B",762.488557085747
"1477","B",750.284546289963
"1478","B",816.194423522306
"1479","B",1026.1201871057
"1480","B",563.737851387486
"1481","B",727.034345958197
"1482","B",718.444675030162
"1483","B",381.760564029361
"1484","B",504.130860765635
"1485","B",787.708748403372
"1486","B",847.160205369021
"1487","B",570.547106414481
"1488","B",628.380575720812
"1489","B",820.167437353371
"1490","B",1016.85918966286
"1491","B",562.187838952265
"1492","B",555.021727961448
"1493","B",548.704328227978
"1494","B",117.099945130182
"1495","B",808.569257480322
"1496","B",881.154102772953
"1497","B",508.216335796029
"1498","B",669.178887987435
"1499","B",669.783342151431
"1500","B",426.094421429743
"1501","B",512.447666651064
"1502","B",926.028397116606
"1503","B",1003.21215432686
"1504","B",894.026454643643
"1505","B",567.439712608592
"1506","B",393.742332644019
"1507","B",616.713937069895
"1508","B",862.062107592883
"1509","B",895.423501964765
"1510","B",613.071432739585
"1511","B",944.374609956093
"1512","B",547.793843540478
"1513","B",555.659820628392
"1514","B",455.590490091632
"1515","B",804.231720382703
"1516","B",672.717700039861
"1517","B",791.16778802635
"1518","B",900.110639504246
"1519","B",926.320117754948
"1520","B",947.473049450356
"1521","B",539.711394688278
"1522","B",966.520725741427
"1523","B",846.413388857095
"1524","B",673.504183846223
"1525","B",485.761195901906
"1526","B",439.83149659158
"1527","B",818.795380304726
"1528","B",537.664167959701
"1529","B",830.946496483773
"1530","B",588.371911299573
"1531","B",692.94990431632
"1532","B",1034.81594192995
"1533","B",496.823224303343
"1534","B",880.499688274899
"1535","B",961.198471211451
"1536","B",643.772529964313
"1537","B",736.875075161399
"1538","B",585.791199009886
"1539","B",226.676966508884
"1540","B",600.783664694578
"1541","B",319.50614376312
"1542","B",819.843821874431
"1543","B",813.059128401705
"1544","B",622.952592401066
"1545","B",509.625035996844
"1546","B",508.725296657825
"1547","B",686.48929178376
"1548","B",528.162826444819
"1549","B",736.620949787512
"1550","B",786.281042543888
"1551","B",928.339434661175
"1552","B",427.759446208337
"1553","B",871.986667375179
"1554","B",736.660721812463
"1555","B",398.039248484288
"1556","B",810.071994500544
"1557","B",632.528900255485
"1558","B",685.067024300661
"1559","B",342.167004183559
"1560","B",757.645654733357
"1561","B",866.24588106489
"1562","B",665.114527970976
"1563","B",756.894563009529
"1564","B",801.648050721276
"1565","B",680.0493150008
"1566","B",703.744064099951
"1567","B",425.538840745916
"1568","B",528.468125746907
"1569","B",717.885668506147
"1570","B",548.694339303655
"1571","B",623.95569704431
"1572","B",828.277733254795
"1573","B",730.079911437643
"1574","B",876.359261587703
"1575","B",435.027005315705
"1576","B",351.188538125173
"1577","B",895.071461393127
"1578","B",661.70607961962
"1579","B",644.482010429104
"1580","B",850.902382766242
"1581","B",946.344244985678
"1582","B",681.584087627919
"1583","B",961.301869418323
"1584","B",539.42428889619
"1585","B",914.906656124297
"1586","B",632.82684128879
"1587","B",337.008039303975
"1588","B",1049.00359512905
"1589","B",390.190954649029
"1590","B",533.332802557615
"1591","B",569.991311432906
"1592","B",845.770157836012
"1593","B",932.796988243196
"1594","B",509.748460337193
"1595","B",422.315041677932
"1596","B",402.153611109126
"1597","B",626.806947562909
"1598","B",1043.15010207081
"1599","B",672.429010202233
"1600","B",734.940045873104
"1601","B",457.485173681508
"1602","B",859.580170133898
"1603","B",700.239970079028
"1604","B",713.198905916032
"1605","B",679.656944889144
"1606","B",153.144698164953
"1607","B",662.796204796997
"1608","B",647.823053134909
"1609","B",1138.39822713997
"1610","B",555.242062182954
"1611","B",526.114372824053
"1612","B",615.001018958117
"1613","B",389.736879093117
"1614","B",805.006336904714
"1615","B",590.961703420969
"1616","B",790.477505328735
"1617","B",957.850486820813
"1618","B",510.558298650539
"1619","B",624.6871864575
"1620","B",910.180626640881
"1621","B",536.576028625083
"1622","B",700.451064703499
"1623","B",895.762845128567
"1624","B",528.551429571967
"1625","B",392.63043838268
"1626","B",736.995702713378
"1627","B",402.021427941151
"1628","B",859.682293300422
"1629","B",1050.9571118953
"1630","B",753.129779817561
"1631","B",824.165891860642
"1632","B",689.928536356878
"1633","B",762.924833517027
"1634","B",445.16852201571
"1635","B",960.398074327157
"1636","B",533.531600115333
"1637","B",998.134383596657
"1638","B",946.574103677958
"1639","B",680.536941856934
"1640","B",718.204362868439
"1641","B",585.412422399659
"1642","B",708.427582106274
"1643","B",311.97277961834
"1644","B",451.296933016504
"1645","B",500.560940483477
"1646","B",889.052184539347
"1647","B",723.513546235677
"1648","B",577.155940216959
"1649","B",828.555919294698
"1650","B",370.366360351374
"1651","B",839.706381122116
"1652","B",615.829454541001
"1653","B",771.113964247138
"1654","B",710.569447075833
"1655","B",561.917051244248
"1656","B",682.556240025669
"1657","B",633.998127149049
"1658","B",525.690814525031
"1659","B",665.272903591579
"1660","B",638.6268101635
"1661","B",792.34976203938
"1662","B",1132.53674463282
"1663","B",694.114289730492
"1664","B",622.955854265306
"1665","B",552.072736672299
"1666","B",607.938010022816
"1667","B",494.340228058711
"1668","B",635.315605086207
"1669","B",598.703993519638
"1670","B",555.114579316899
"1671","B",1049.34601654438
"1672","B",915.39874742696
"1673","B",445.234904362694
"1674","B",360.085989164583
"1675","B",818.444063575196
"1676","B",492.785878745259
"1677","B",873.470588791726
"1678","B",301.780578266977
"1679","B",761.328584454773
"1680","B",907.779783567077
"1681","B",645.912062780392
"1682","B",929.51517771936
"1683","B",562.060970011281
"1684","B",804.970247679964
"1685","B",1038.41998564542
"1686","B",723.132886818924
"1687","B",687.255129988607
"1688","B",469.251006047783
"1689","B",526.887143449267
"1690","B",818.853789720864
"1691","B",760.582986873446
"1692","B",595.193241469343
"1693","B",765.417324448965
"1694","B",537.312713522031
"1695","B",767.972145683247
"1696","B",915.094806776233
"1697","B",597.274067549855
"1698","B",1123.49798845519
"1699","B",282.225757146773
"1700","B",816.401543770924
"1701","B",734.228420957158
"1702","B",922.984437997146
"1703","B",636.051819919231
"1704","B",661.957867839194
"1705","B",498.164494487535
"1706","B",1049.81777761652
"1707","B",639.885375328605
"1708","B",641.245246556422
"1709","B",1204.85023800644
"1710","B",465.473285438163
"1711","B",914.689725187562
"1712","B",956.087120039904
"1713","B",606.814149150606
"1714","B",445.655514262981
"1715","B",772.860012000441
"1716","B",651.670266272346
"1717","B",202.996033167751
"1718","B",1220.80562127676
"1719","B",662.35831780593
"1720","B",503.50650190469
"1721","B",709.587450694167
"1722","B",428.155251656946
"1723","B",441.136876798176
"1724","B",917.162303720684
"1725","B",882.498460098462
"1726","B",661.038824882602
"1727","B",625.882975152347
"1728","B",735.456993228177
"1729","B",697.041255810693
"1730","B",656.403063470957
"1731","B",811.528429019626
"1732","B",943.754987162133
"1733","B",482.549207142479
"1734","B",601.328822091114
"1735","B",1220.8567129114
"1736","B",817.844839375428
"1737","B",785.821468355623
"1738","B",383.088803944824
"1739","B",876.327024357873
"1740","B",1130.80060797826
"1741","B",620.617668125753
"1742","B",722.638895378611
"1743","B",618.931839467329
"1744","B",570.010024538207
"1745","B",786.988770812978
"1746","B",527.153860389965
"1747","B",920.820931175088
"1748","B",532.64126418107
"1749","B",624.414396117027
"1750","B",542.57138035717
"1751","B",727.56421750494
"1752","B",772.487688158384
"1753","B",653.03363645973
"1754","B",282.954714310766
"1755","B",797.408347733982
"1756","B",901.561675325716
"1757","B",563.962077143804
"1758","B",816.626509534033
"1759","B",511.377854062964
"1760","B",312.940144950748
"1761","B",770.509629065833
"1762","B",596.66102165036
"1763","B",1025.22896084241
"1764","B",536.831493264265
"1765","B",613.359248760848
"1766","B",341.460781157448
"1767","B",1035.78373552541
"1768","B",650.854900813062
"1769","B",1040.39382312754
"1770","B",501.743872367226
"1771","B",775.46229556637
"1772","B",923.777690250819
"1773","B",716.980004056493
"1774","B",589.859398564014
"1775","B",730.09594757551
"1776","B",577.204494520631
"1777","B",714.401328634947
"1778","B",702.986372134935
"1779","B",503.745228044854
"1780","B",875.469437373377
"1781","B",501.651217888624
"1782","B",621.858146870642
"1783","B",943.568095810444
"1784","B",855.703315937402
"1785","B",760.705286702608
"1786","B",442.816324870163
"1787","B",876.728821477934
"1788","B",814.697022895453
"1789","B",467.708410908961
"1790","B",756.163668688277
"1791","B",756.324839205062
"1792","B",883.335298548093
"1793","B",811.541518687107
"1794","B",811.605075909692
"1795","B",905.910518916572
"1796","B",828.053727425041
"1797","B",698.330183836909
"1798","B",810.032497983675
"1799","B",501.207879576184
"1800","B",804.882929418137
"1801","B",1119.94563777976
"1802","B",636.924610551188
"1803","B",553.605440433198
"1804","B",498.417922663257
"1805","B",1278.99994787853
"1806","B",582.92519626271
"1807","B",918.699253021418
"1808","B",369.659267542857
"1809","B",619.086189445245
"1810","B",477.980770565007
"1811","B",947.609923481565
"1812","B",462.477772180084
"1813","B",717.682249628671
"1814","B",794.34112874651
"1815","B",737.412254965418
"1816","B",637.689292398287
"1817","B",229.652493132212
"1818","B",774.673987860503
"1819","B",882.258252084345
"1820","B",914.214987915651
"1821","B",866.740690998478
"1822","B",692.567075213368
"1823","B",930.534390201324
"1824","B",680.935796706998
"1825","B",712.687191835034
"1826","B",797.671129579946
"1827","B",649.017603403399
"1828","B",788.788006485949
"1829","B",701.984271359481
"1830","B",604.273003031333
"1831","B",308.993294388595
"1832","B",714.375599925591
"1833","B",632.978885659791
"1834","B",831.783336995151
"1835","B",851.366189840411
"1836","B",543.92649145606
"1837","B",735.424810694074
"1838","B",691.950118302688
"1839","B",750.919239787992
"1840","B",556.333042056891
"1841","B",670.392574861193
"1842","B",483.814209208006
"1843","B",994.796585448019
"1844","B",765.955045703898
"1845","B",765.43886585965
"1846","B",771.393385145589
"1847","B",761.885796748211
"1848","B",803.5894669063
"1849","B",578.065816642064
"1850","B",307.325981246613
"1851","B",356.347408534869
"1852","B",963.857481896626
"1853","B",591.31514543193
"1854","B",666.297693038719
"1855","B",1091.60111626962
"1856","B",923.683714959704
"1857","B",1280.87675712568
"1858","B",450.942542923984
"1859","B",434.947788673625
"1860","B",734.894953858369
"1861","B",648.542904303936
"1862","B",882.028967071468
"1863","B",876.304911921391
"1864","B",551.619316720702
"1865","B",804.845194436949
"1866","B",252.933022253163
"1867","B",493.395437666277
"1868","B",787.983793895486
"1869","B",524.47393769627
"1870","B",562.005375372992
"1871","B",1099.38497368379
"1872","B",575.127344268822
"1873","B",638.561312835371
"1874","B",315.362670609192
"1875","B",1113.72974575091
"1876","B",775.590934090408
"1877","B",603.334500428177
"1878","B",747.77571786259
"1879","B",767.784802179591
"1880","B",860.507129553297
"1881","B",1038.18065520321
"1882","B",532.734461404868
"1883","B",644.408913458696
"1884","B",547.957601741815
"1885","B",812.502403829421
"1886","B",655.896456948377
"1887","B",696.264825003172
"1888","B",706.603743084544
"1889","B",739.544947608193
"1890","B",619.903438186083
"1891","B",709.562285518979
"1892","B",826.909054980074
"1893","B",657.214373548639
"1894","B",664.172295976035
"1895","B",792.390823530869
"1896","B",615.981416441417
"1897","B",780.335049259385
"1898","B",671.706603807475
"1899","B",690.456513616153
"1900","B",457.816173667861
"1901","B",599.93708194116
"1902","B",589.224768120459
"1903","B",886.078826111037
"1904","B",755.93613961962
"1905","B",1075.64634511782
"1906","B",682.675995681347
"1907","B",1029.90485379092
"1908","B",575.526151265999
"1909","B",577.011645606388
"1910","B",573.170370576932
"1911","B",549.640674114822
"1912","B",750.780329193413
"1913","B",553.709809418957
"1914","B",880.792771472989
"1915","B",555.815635822687
"1916","B",580.221325030823
"1917","B",1172.80062978388
"1918","B",624.066318201026
"1919","B",502.289448510351
"1920","B",418.217857653722
"1921","B",509.369996510859
"1922","B",683.310283460914
"1923","B",506.109395629024
"1924","B",756.188591957508
"1925","B",430.879460158938
"1926","B",537.751654919637
"1927","B",681.639979317646
"1928","B",580.308341244997
"1929","B",997.547869361905
"1930","B",725.317313506725
"1931","B",906.733088761739
"1932","B",785.480306060969
"1933","B",378.831073983933
"1934","B",429.658569626707
"1935","B",750.774976016651
"1936","B",791.321910158847
"1937","B",494.662559544585
"1938","B",804.834173205568
"1939","B",1133.72392840677
"1940","B",659.362714634221
"1941","B",726.770328533165
"1942","B",898.707170607656
"1943","B",1019.07852055842
"1944","B",844.951402858039
"1945","B",441.686185092359
"1946","B",992.49534278568
"1947","B",594.743348344223
"1948","B",429.1771439829
"1949","B",893.268304874976
"1950","B",263.507589669749
"1951","B",891.403599522767
"1952","B",304.827807842598
"1953","B",1123.26661604983
"1954","B",769.182693344744
"1955","B",544.902830677149
"1956","B",807.903315992852
"1957","B",658.561530674128
"1958","B",716.267031456117
"1959","B",644.703094916305
"1960","B",751.885034719199
"1961","B",461.68178820948
"1962","B",552.910983490502
"1963","B",734.901990081551
"1964","B",557.831887072576
"1965","B",831.441215891208
"1966","B",677.853874994799
"1967","B",1047.07615443823
"1968","B",1057.72081731169
"1969","B",752.388533557664
"1970","B",355.937279752663
"1971","B",751.270160958727
"1972","B",766.458503589838
"1973","B",868.369287836222
"1974","B",691.8227748476
"1975","B",584.120762955431
"1976","B",1080.50916965862
"1977","B",1047.39872570695
"1978","B",850.284174791624
"1979","B",610.404973214512
"1980","B",1021.97459670071
"1981","B",759.731256105552
"1982","B",311.326452762157
"1983","B",848.363482976505
"1984","B",954.556771059967
"1985","B",500.038970588367
"1986","B",405.454414040355
"1987","B",600.984755531584
"1988","B",744.026872245853
"1989","B",523.596029353775
"1990","B",1018.3992251845
"1991","B",575.18918732894
"1992","B",593.018128682432
"1993","B",753.139618603755
"1994","B",878.770703168663
"1995","B",669.60488245457
"1996","B",661.397628460379
"1997","B",887.41680557411
"1998","B",881.307087776048
"1999","B",666.00415973769
"2000","B",755.089788606526
